{"cameraMode":{"drawMode":0,"name":"Shaded","section":"Shading Mode"},"sceneLighting":true,"audioPlay":false,"sceneViewState":{"showFog":false,"showMaterialUpdate":false,"showSkybox":false,"showFlares":false,"showImageEffects":false,"showParticleSystems":false},"in2DMode":false,"pivot":{"x":-3.166870594024658,"y":0.4196434020996094,"z":1.4112359285354615},"rotation":{"x":-0.19218754768371583,"y":0.530654788017273,"z":-0.12498241662979126,"w":-0.8159956336021423},"size":5.363349914550781,"orthographic":false}